year,county Name,county,definition,aqi,days_recorded,avg_val,variance,min_val,percentile_10,percentile_25,percentile_75,percentile_90,max_val,sites_avg
2015,Alameda,Alameda,3,55.49315068493151,365,55.49315068493151,352.37701339756137,23,36.0,43.0,62.0,78.60000000000002,147,5.419178082191781
2015,Alpine,Alpine,1,108.51612903225806,31,108.51612903225806,1189.3247311827954,17,75.0,84.0,140.5,149.0,177,1.0
2015,Amador,Amador,1,42.84340659340659,364,42.84340659340659,400.1214164623253,6,22.0,29.0,49.0,67.0,140,1.0
2015,Butte,Butte,3,59.917808219178085,365,59.917808219178085,350.6470721059763,31,41.0,46.0,71.0,84.0,153,3.83013698630137
2015,Calaveras,Calaveras,2,55.961643835616435,365,55.961643835616435,1092.0754478398321,22,33.0,40.0,60.0,88.80000000000007,390,1.0
2015,Colusa,Colusa,3,53.87397260273973,365,53.87397260273973,343.94561192232413,13,32.0,43.0,61.0,73.0,208,1.904109589041096
2015,Contra Costa,Contra Costa,2,51.52602739726027,365,51.52602739726027,275.2500075267199,27,34.4,41.0,58.0,69.60000000000002,147,3.663013698630137
2015,Del Norte,Del Norte,1,23.350877192982455,114,23.350877192982455,288.4067691352274,2,6.0,12.0,29.75,51.0,72,1.0
2015,El Dorado,El Dorado,3,52.38082191780822,365,52.38082191780822,643.6979828390786,10,30.0,35.0,61.0,91.80000000000007,166,3.0465753424657533
2015,Fresno,Fresno,3,87.01369863013699,365,87.01369863013699,1138.7608008429925,29,50.0,61.0,105.0,136.0,205,7.789041095890411
2015,Glenn,Glenn,3,48.63835616438356,365,48.63835616438356,200.19852476290828,4,33.0,38.0,56.0,68.0,93,1.0
2015,Humboldt,Humboldt,3,42.43287671232877,365,42.43287671232877,179.4000150534397,11,27.0,32.0,53.0,59.0,91,2.2986301369863016
2015,Imperial,Imperial,4,71.44931506849315,365,71.44931506849315,585.1821767273824,34,46.0,56.0,80.0,105.0,184,4.558904109589041
2015,Inyo,Inyo,3,63.657534246575345,365,63.657534246575345,8006.011515881378,27,32.0,39.0,71.0,89.60000000000002,1482,14.342465753424657
2015,Kern,Kern,3,91.18082191780822,365,91.18082191780822,1207.6485322896278,33,53.0,64.0,112.0,144.80000000000007,201,10.150684931506849
2015,Kings,Kings,3,77.08219178082192,365,77.08219178082192,912.5206984796021,12,44.0,54.0,94.0,118.60000000000002,182,2.063013698630137
2015,Lake,Lake,2,36.570247933884296,363,36.570247933884296,113.94187480023729,15,25.0,30.0,43.0,47.0,148,1.2699724517906337
2015,Los Angeles,Los Angeles,4,93.14246575342466,365,93.14246575342466,1278.8642631341258,40,57.4,64.0,119.0,150.60000000000002,203,16.07123287671233
2015,Madera,Madera,3,70.45205479452055,365,70.45205479452055,660.2044257112756,23,44.0,52.0,83.0,105.0,156,2.0
2015,Marin,Marin,4,44.78082191780822,365,44.78082191780822,301.6825982236937,0,25.4,31.0,55.0,64.0,103,1.3041095890410959
2015,Mariposa,Mariposa,3,54.054794520547944,365,54.054794520547944,566.700286015354,8,35.0,39.0,61.0,84.0,240,2.441095890410959
2015,Mendocino,Mendocino,2,46.90958904109589,365,46.90958904109589,240.29674845702243,22,31.0,36.0,54.0,60.60000000000002,164,3.756164383561644
2015,Merced,Merced,2,66.57534246575342,365,66.57534246575342,698.7944452807458,17,41.0,48.0,80.0,105.0,159,1.3205479452054794
2015,Mono,Mono,2,67.54246575342465,365,67.54246575342465,115111.72140599141,0,5.0,8.0,27.0,54.0,4384,2.367123287671233
2015,Monterey,Monterey,4,42.25753424657534,365,42.25753424657534,119.01591148577451,24,31.0,34.0,49.0,54.0,120,3.0
2015,Napa,Napa,5,51.087671232876716,365,51.087671232876716,302.3878970344726,5,28.0,37.0,60.0,72.0,108,1.0
2015,Nevada,Nevada,2,57.45879120879121,364,57.45879120879121,613.43906850725,27,36.0,41.75,67.0,93.0,166,1.7087912087912087
2015,Orange,Orange,4,64.77808219178083,365,64.77808219178083,371.1896281800391,27,47.0,53.0,71.0,87.0,156,5.0
2015,Placer,Placer,3,54.14520547945205,365,54.14520547945205,355.50358271865093,22,36.0,43.0,61.0,76.20000000000005,189,1.9726027397260273
2015,Plumas,Plumas,1,60.446969696969695,132,60.446969696969695,1152.1574716631974,18,24.0,31.75,79.25,101.70000000000002,159,1.7121212121212122
2015,Riverside,Riverside,3,95.3013698630137,365,95.3013698630137,1365.9254102062328,37,54.0,66.0,120.0,150.0,238,15.884931506849314
2015,Sacramento,Sacramento,3,64.67397260273972,365,64.67397260273972,570.9620954388074,26,41.0,49.0,73.0,93.0,172,7.558904109589041
2015,San Benito,San Benito,3,43.0027397260274,365,43.0027397260274,161.5027397260276,18,31.0,34.0,48.0,58.0,93,1.9534246575342467
2015,San Bernardino,San Bernardino,4,94.74246575342465,365,94.74246575342465,1542.62030709017,40,55.4,64.0,117.0,154.0,223,14.635616438356164
2015,San Diego,San Diego,4,70.3972602739726,365,70.3972602739726,488.44339906668654,26,47.0,55.0,82.0,102.0,156,12.416438356164383
2015,San Francisco,San Francisco,3,42.11780821917808,365,42.11780821917808,260.7745446334493,7,24.0,30.0,53.0,61.0,100,1.0
2015,San Joaquin,San Joaquin,3,66.36986301369863,365,66.36986301369863,530.8765617943704,33,44.0,51.0,76.0,100.0,164,3.0767123287671234
2015,San Luis Obispo,San Luis Obispo,3,59.97808219178082,365,59.97808219178082,237.93907872948978,31,43.0,50.0,67.0,80.0,126,9.331506849315069
2015,San Mateo,San Mateo,4,38.24657534246575,365,38.24657534246575,186.5214511515879,13,23.0,29.0,44.0,56.0,101,1.0
2015,Santa Barbara,Santa Barbara,4,52.47123287671233,365,52.47123287671233,145.03557127803685,25,40.0,43.0,58.0,69.0,101,12.134246575342466
2015,Santa Clara,Santa Clara,3,52.37260273972603,365,52.37260273972603,310.99814842691563,22,34.0,41.0,60.0,71.0,147,4.3123287671232875
2015,Santa Cruz,Santa Cruz,2,40.5972602739726,365,40.5972602739726,174.81262983591768,19,26.0,31.0,48.0,58.60000000000002,95,1.9671232876712328
2015,Shasta,Shasta,2,50.75068493150685,365,50.75068493150685,449.9733855185912,20,34.0,37.0,54.0,82.40000000000009,157,3.9424657534246577
2015,Siskiyou,Siskiyou,3,37.06077348066298,362,37.06077348066298,224.30100549425322,3,21.0,29.0,44.0,49.0,139,1.3011049723756907
2015,Solano,Solano,4,51.63013698630137,365,51.63013698630137,306.41502333283125,24,31.4,39.0,59.0,74.0,118,2.819178082191781
2015,Sonoma,Sonoma,3,40.74520547945205,365,40.74520547945205,166.55303326810176,18,28.0,32.0,47.0,58.0,90,4.920547945205479
2015,Stanislaus,Stanislaus,3,70.0931506849315,365,70.0931506849315,769.4803101008587,29,44.0,50.0,83.0,110.80000000000007,187,1.9972602739726026
2015,Sutter,Sutter,3,57.273972602739725,365,57.273972602739725,351.0071503838625,1,37.0,43.0,68.0,86.0,119,1.989041095890411
2015,Tehama,Tehama,3,52.0,365,52.0,579.8626373626373,7,26.0,37.0,64.0,87.0,154,1.536986301369863
2015,Trinity,Trinity,1,14.470588235294118,68,14.470588235294118,111.23792800702371,2,4.0,6.0,21.0,27.60000000000001,56,1.0
2015,Tulare,Tulare,3,86.81369863013698,365,86.81369863013698,1094.7728887550802,21,52.0,61.0,101.0,143.0,176,3.813698630136986
2015,Tuolumne,Tuolumne,1,46.8489010989011,364,46.8489010989011,471.18647261829057,8,25.300000000000004,31.0,54.0,77.0,126,1.0
2015,Ventura,Ventura,4,59.657534246575345,365,59.657534246575345,337.8301972000603,30,38.4,47.0,67.0,84.60000000000002,126,5.0
2015,Yolo,Yolo,3,52.04383561643836,365,52.04383561643836,268.4266445882881,16,33.0,40.0,60.0,77.0,103,2.1616438356164385
2016,Alameda,Alameda,3,54.55191256830601,366,54.55191256830601,394.9329141402803,27,35.0,42.0,59.75,74.0,154,6.155737704918033
2016,Alpine,Alpine,1,32.791666666666664,24,32.791666666666664,243.1286231884058,9,15.3,22.5,38.5,54.7,69,1.0
2016,Amador,Amador,1,40.99180327868852,366,40.99180327868852,335.5040422187289,6,22.0,29.0,47.0,64.0,115,1.0
2016,Butte,Butte,2,60.44535519125683,366,60.44535519125683,374.19837562691816,28,38.0,46.0,70.0,86.5,127,3.6639344262295084
2016,Calaveras,Calaveras,3,54.12841530054645,366,54.12841530054645,510.6985328243134,19,32.0,39.0,61.0,87.0,150,1.0
2016,Colusa,Colusa,3,47.15846994535519,366,47.15846994535519,179.09810614566976,11,31.0,37.0,55.0,64.0,92,1.9371584699453552
2016,Contra Costa,Contra Costa,2,47.96174863387978,366,47.96174863387978,205.96017665992974,22,33.0,37.0,55.0,63.0,143,3.658469945355191
2016,Del Norte,Del Norte,1,27.65536723163842,177,27.65536723163842,248.3748715973291,0,8.600000000000001,15.0,41.0,52.0,69,1.1638418079096045
2016,El Dorado,El Dorado,2,59.833333333333336,366,59.833333333333336,1087.0762557077626,24,32.0,39.0,74.0,105.0,172,3.6639344262295084
2016,Fresno,Fresno,3,84.22950819672131,366,84.22950819672131,1265.0595104423987,31,44.5,55.0,105.0,140.0,190,9.448087431693988
2016,Glenn,Glenn,3,47.68232044198895,362,47.68232044198895,187.81292756462275,7,31.0,36.25,57.0,64.0,92,1.0
2016,Humboldt,Humboldt,4,40.8551912568306,366,40.8551912568306,129.86116475784112,17,29.0,33.0,47.0,57.0,77,1.9972677595628416
2016,Imperial,Imperial,4,71.97540983606558,366,71.97540983606558,1519.6788457219845,35,44.0,53.0,82.0,105.0,546,4.969945355191257
2016,Inyo,Inyo,3,56.830601092896174,366,56.830601092896174,1498.650677445917,28,34.0,39.0,61.75,87.0,418,13.890710382513662
2016,Kern,Kern,3,86.5846994535519,366,86.5846994535519,1112.1832173066841,35,47.0,58.25,109.75,136.0,169,10.05464480874317
2016,Kings,Kings,3,76.49180327868852,366,76.49180327868852,747.2533572872208,31,44.0,55.0,97.0,115.0,156,2.9043715846994536
2016,Lake,Lake,2,33.83287671232877,365,33.83287671232877,65.67254252596733,16,23.0,29.0,39.0,44.0,74,1.2410958904109588
2016,Los Angeles,Los Angeles,4,88.0846994535519,366,88.0846994535519,1115.4037652518891,39,57.0,64.0,105.0,133.5,226,16.215846994535518
2016,Madera,Madera,3,69.39344262295081,366,69.39344262295081,695.565326746014,25,41.0,51.0,86.75,105.0,156,2.0
2016,Marin,Marin,3,38.30054644808743,366,38.30054644808743,125.37243805674072,15,25.5,30.0,46.0,55.0,90,1.2568306010928962
2016,Mariposa,Mariposa,3,55.978142076502735,366,55.978142076502735,607.0625346208544,3,33.0,40.0,71.0,93.0,159,2.3633879781420766
2016,Mendocino,Mendocino,3,40.36538461538461,364,40.36538461538461,114.15538249629171,16,28.0,32.0,48.0,54.0,70,3.82967032967033
2016,Merced,Merced,3,63.73497267759563,366,63.73497267759563,637.395321506101,21,36.0,46.0,77.0,100.0,151,1.3278688524590163
2016,Mono,Mono,2,125.02459016393442,366,125.02459016393442,295869.39391421515,0,6.0,11.0,32.75,62.5,7063,2.57103825136612
2016,Monterey,Monterey,3,43.23497267759563,366,43.23497267759563,485.3802530129494,18,29.5,32.0,46.0,55.0,185,3.0
2016,Napa,Napa,3,45.21584699453552,366,45.21584699453552,173.52862489707303,14,28.0,35.0,55.0,61.0,90,1.0
2016,Nevada,Nevada,2,56.666666666666664,366,56.666666666666664,827.3789954337894,26,33.5,38.0,67.0,101.0,179,1.3114754098360655
2016,Orange,Orange,4,62.10109289617486,366,62.10109289617486,383.0061905831274,26,42.0,51.0,67.75,87.5,169,4.991803278688525
2016,Placer,Placer,3,53.91803278688525,366,53.91803278688525,485.2644958454976,22,34.0,39.0,60.0,80.0,166,1.9918032786885247
2016,Plumas,Plumas,1,46.59718309859155,355,46.59718309859155,585.9022519296578,6,20.0,28.0,60.5,76.0,152,1.343661971830986
2016,Riverside,Riverside,3,95.02185792349727,366,95.02185792349727,1908.9584250318126,39,53.0,64.0,119.0,154.0,379,15.363387978142077
2016,Sacramento,Sacramento,2,63.377049180327866,366,63.377049180327866,708.8547046934647,27,38.0,44.0,74.0,101.0,172,8.065573770491802
2016,San Benito,San Benito,2,42.63661202185792,366,42.63661202185792,219.50320383262226,19,30.0,33.0,45.0,61.0,126,1.969945355191257
2016,San Bernardino,San Bernardino,4,99.40163934426229,366,99.40163934426229,1970.514956209297,39,57.0,64.0,122.0,172.0,217,14.827868852459016
2016,San Diego,San Diego,3,73.89890710382514,366,73.89890710382514,480.6171494872364,35,52.0,58.0,84.0,105.0,164,11.532786885245901
2016,San Francisco,San Francisco,4,41.24863387978142,366,41.24863387978142,182.82842278613674,6,23.5,30.0,53.0,58.0,71,1.0
2016,San Joaquin,San Joaquin,4,65.5,366,65.5,432.3,24,45.0,53.0,74.0,93.0,166,2.9836065573770494
2016,San Luis Obispo,San Luis Obispo,3,57.80327868852459,366,57.80327868852459,364.73379743992837,21,36.0,44.0,67.0,84.0,156,9.78415300546448
2016,San Mateo,San Mateo,4,44.94808743169399,366,44.94808743169399,131.85209222247167,7,30.0,36.0,54.0,59.0,70,1.0
2016,Santa Barbara,Santa Barbara,3,52.60928961748634,366,52.60928961748634,501.5866531926044,26,36.0,41.0,57.0,68.0,313,12.191256830601093
2016,Santa Clara,Santa Clara,3,48.6448087431694,366,48.6448087431694,190.99130174414253,17,32.0,38.0,57.0,64.0,101,4.316939890710382
2016,Santa Cruz,Santa Cruz,2,37.202185792349724,366,37.202185792349724,116.3918856201812,16,24.0,30.0,44.0,54.0,76,1.9781420765027322
2016,Shasta,Shasta,2,46.95355191256831,366,46.95355191256831,352.0992065274348,19,32.0,37.0,48.0,72.5,140,4.065573770491803
2016,Siskiyou,Siskiyou,2,28.613259668508288,362,28.613259668508288,120.32647189360426,6,18.0,21.0,34.0,43.900000000000034,93,1.3176795580110496
2016,Solano,Solano,3,47.59016393442623,366,47.59016393442623,191.1959577812713,18,32.0,36.0,56.0,65.0,105,2.8278688524590163
2016,Sonoma,Sonoma,3,35.96994535519126,366,35.96994535519126,101.49772438056743,16,25.0,29.0,41.0,51.0,87,4.745901639344262
2016,Stanislaus,Stanislaus,3,67.04918032786885,366,67.04918032786885,692.5619582304067,23,39.0,48.0,80.0,102.5,164,2.0
2016,Sutter,Sutter,2,62.77322404371585,366,62.77322404371585,535.7155550565161,26,39.0,47.0,71.0,97.0,147,1.8579234972677596
2016,Tehama,Tehama,3,55.98907103825137,366,55.98907103825137,1043.5889213264468,7,26.0,32.0,74.0,106.5,174,1.5737704918032787
2016,Trinity,Trinity,1,50.712574850299404,167,50.712574850299404,243.74821441454424,18,31.6,39.0,61.0,72.4,97,1.0
2016,Tulare,Tulare,3,87.07650273224044,366,87.07650273224044,1342.7886518451976,25,44.0,57.0,115.75,144.0,177,3.8633879781420766
2016,Tuolumne,Tuolumne,1,56.717514124293785,354,56.717514124293785,1020.044621564956,18,29.0,35.0,74.0,107.09999999999997,164,1.0
2016,Ventura,Ventura,3,58.62568306010929,366,58.62568306010929,300.7279961074932,26,40.0,47.0,65.0,84.0,147,4.9890710382513666
2016,Yolo,Yolo,4,45.59016393442623,366,45.59016393442623,237.0973276442847,19,30.0,34.0,54.0,63.5,115,2.1256830601092895
2017,Alameda,Alameda,3,59.28493150684932,365,59.28493150684932,466.2427668222192,26,40.0,48.0,63.0,78.0,205,5.904109589041096
2017,Amador,Amador,1,41.47790055248619,362,41.47790055248619,312.3443856078114,13,22.1,31.0,48.0,64.0,136,1.0
2017,Butte,Butte,3,65.1013698630137,365,65.1013698630137,470.6462893271116,31,41.0,48.0,79.0,95.0,155,3.6794520547945204
2017,Calaveras,Calaveras,3,60.35028248587571,354,60.35028248587571,414.0242633760664,26,40.0,47.0,67.0,87.0,172,1.0
2017,Colusa,Colusa,3,46.602739726027394,365,46.602739726027394,414.77306939635696,0,30.0,35.0,55.0,67.0,213,1.936986301369863
2017,Contra Costa,Contra Costa,2,56.85205479452055,365,56.85205479452055,375.1813487881981,28,39.0,46.0,61.0,74.80000000000007,175,3.665753424657534
2017,Del Norte,Del Norte,1,32.18456375838926,298,32.18456375838926,563.6392221996249,3,12.0,18.0,43.75,55.30000000000001,251,1.2852348993288591
2017,El Dorado,El Dorado,3,53.450276243093924,362,53.450276243093924,808.6471051866362,1,28.0,36.0,71.0,100.0,147,3.411602209944751
2017,Fresno,Fresno,4,85.27397260273973,365,85.27397260273973,1458.9192382959498,25,42.0,53.0,112.0,139.20000000000005,207,9.446575342465753
2017,Glenn,Glenn,3,47.16164383561644,365,47.16164383561644,282.9930302574137,4,33.0,37.0,54.0,63.0,150,1.0
2017,Humboldt,Humboldt,5,40.45205479452055,365,40.45205479452055,412.95717296402245,3,23.0,30.0,44.0,61.0,180,1.9808219178082191
2017,Imperial,Imperial,4,71.02739726027397,365,71.02739726027397,1021.6201264488925,31,44.4,53.0,80.0,103.60000000000002,328,4.997260273972603
2017,Inyo,Inyo,3,70.13150684931507,365,70.13150684931507,20606.90573536055,13,37.0,40.0,64.0,86.60000000000002,2234,14.58904109589041
2017,Kern,Kern,3,89.57808219178082,365,89.57808219178082,1311.1841336745467,33,45.0,57.0,115.0,140.0,197,10.131506849315068
2017,Kings,Kings,3,77.97808219178083,365,77.97808219178083,1135.5929248833359,23,40.4,52.0,96.0,123.80000000000007,192,2.967123287671233
2017,Lake,Lake,3,35.11878453038674,362,35.11878453038674,156.77532483433063,8,22.0,30.0,40.0,44.0,172,1.3314917127071824
2017,Los Angeles,Los Angeles,3,93.47671232876712,365,93.47671232876712,1538.2721210296556,42,56.0,63.0,115.0,156.0,224,15.797260273972602
2017,Madera,Madera,4,68.55616438356165,365,68.55616438356165,821.0991720608162,20,38.0,45.0,87.0,105.0,166,1.9972602739726026
2017,Marin,Marin,3,47.31232876712329,365,47.31232876712329,329.42965527623096,18,31.0,36.0,55.0,61.60000000000002,164,1.3013698630136987
2017,Mariposa,Mariposa,2,63.893150684931506,365,63.893150684931506,805.4308595514062,26,40.0,44.0,74.0,101.0,189,2.4547945205479453
2017,Mendocino,Mendocino,3,49.14520547945205,365,49.14520547945205,379.25632997139866,18,32.0,37.0,56.0,70.0,203,3.936986301369863
2017,Merced,Merced,3,63.97802197802198,364,63.97802197802198,659.3053007598465,22,37.0,44.0,77.0,100.0,161,1.3324175824175823
2017,Mono,Mono,2,74.77534246575343,365,74.77534246575343,91033.43840132476,0,6.0,10.0,32.0,63.0,3767,2.589041095890411
2017,Monterey,Monterey,3,43.778082191780825,365,43.778082191780825,157.21710070751172,17,31.0,35.0,52.0,58.0,121,3.0
2017,Napa,Napa,4,56.19178082191781,365,56.19178082191781,663.0675146771035,6,36.0,44.0,60.0,71.0,274,1.0
2017,Nevada,Nevada,2,69.69589041095891,365,69.69589041095891,1458.9814391088355,6,37.0,42.0,97.0,131.4000000000001,185,1.2465753424657535
2017,Orange,Orange,4,65.5013698630137,365,65.5013698630137,560.701234382056,29,43.0,51.0,74.0,97.0,151,4.498630136986302
2017,Placer,Placer,4,50.92602739726028,365,50.92602739726028,415.33791961463197,19,32.0,36.0,60.0,77.0,156,1.9753424657534246
2017,Plumas,Plumas,1,52.86609686609687,351,52.86609686609687,999.8134472934472,6,20.0,29.0,66.0,90.0,189,1.3162393162393162
2017,Riverside,Riverside,4,100.45753424657535,365,100.45753424657535,2153.6115158813777,38,53.0,64.0,129.0,161.0,359,15.002739726027396
2017,Sacramento,Sacramento,3,66.04931506849314,365,66.04931506849314,585.1733855185907,26,40.0,48.0,80.0,100.0,164,7.098630136986301
2017,San Benito,San Benito,3,44.85753424657534,365,44.85753424657534,197.47964774951075,19,32.0,36.0,49.0,64.0,117,1.9863013698630136
2017,San Bernardino,San Bernardino,4,103.78630136986301,365,103.78630136986301,2417.1684931506834,43,56.0,65.0,140.0,183.80000000000007,233,15.394520547945206
2017,San Diego,San Diego,2,75.48219178082192,365,75.48219178082192,691.3382808971846,31,49.4,57.0,90.0,112.0,174,9.205479452054794
2017,San Francisco,San Francisco,3,47.04109589041096,365,47.04109589041096,352.775779015505,16,27.4,34.0,56.0,66.60000000000002,136,1.0
2017,San Joaquin,San Joaquin,4,60.86027397260274,365,60.86027397260274,581.6699834412163,28,37.0,43.0,71.0,100.0,146,2.9917808219178084
2017,San Luis Obispo,San Luis Obispo,3,60.084931506849315,365,60.084931506849315,295.0010085804607,19,39.0,47.0,71.0,81.60000000000002,133,9.586301369863014
2017,San Mateo,San Mateo,3,46.02739726027397,365,46.02739726027397,366.46628029504734,17,29.0,34.0,54.0,62.0,155,1.0
2017,Santa Barbara,Santa Barbara,3,56.794520547945204,365,56.794520547945204,938.5208490139995,20,38.0,42.0,58.0,74.0,313,12.131506849315068
2017,Santa Clara,Santa Clara,3,53.12328767123287,365,53.12328767123287,443.65234080987494,12,33.0,39.0,60.0,75.0,182,4.221917808219178
2017,Santa Cruz,Santa Cruz,2,42.99178082191781,365,42.99178082191781,231.44773445732366,17,28.4,33.0,51.0,60.60000000000002,130,1.9589041095890412
2017,Shasta,Shasta,2,51.15890410958904,365,51.15890410958904,439.2768779166044,23,35.0,40.0,52.0,84.0,159,3.9506849315068493
2017,Siskiyou,Siskiyou,2,30.466666666666665,225,30.466666666666665,480.0714285714287,0,11.0,18.0,34.0,56.19999999999999,167,1.3688888888888888
2017,Solano,Solano,3,53.54246575342466,365,53.54246575342466,437.2214059912685,19,34.0,40.0,59.0,72.20000000000005,184,2.756164383561644
2017,Sonoma,Sonoma,3,44.394520547945206,365,44.394520547945206,284.95381604696695,19,30.4,35.0,51.0,60.0,169,4.909589041095891
2017,Stanislaus,Stanislaus,4,69.15342465753425,365,69.15342465753425,984.448923679061,23,36.0,44.0,88.0,112.0,185,2.0
2017,Sutter,Sutter,3,57.62191780821918,365,57.62191780821918,319.7467710371818,24,34.4,45.0,67.0,83.60000000000002,130,1.7397260273972603
2017,Tehama,Tehama,2,48.64383561643836,365,48.64383561643836,500.54312810477217,9,31.0,34.0,58.0,77.0,172,1.3643835616438356
2017,Trinity,Trinity,1,64.3103448275862,203,64.3103448275862,5735.04677364288,5,18.0,31.5,74.5,91.0,844,1.2266009852216748
2017,Tulare,Tulare,3,87.68767123287671,365,87.68767123287671,1462.3527321993092,26,40.4,54.0,115.0,147.0,174,3.841095890410959
2017,Tuolumne,Tuolumne,1,53.29281767955801,362,53.29281767955801,609.5372889915982,14,29.0,36.25,66.25,93.0,143,1.0
2017,Ventura,Ventura,3,70.51780821917808,365,70.51780821917808,5178.178940237844,22,39.0,47.0,74.0,99.20000000000005,961,4.997260273972603
2017,Yolo,Yolo,3,49.04383561643836,365,49.04383561643836,313.96510612674984,19,31.0,37.0,58.0,71.0,154,2.0712328767123287
2018,Alameda,Alameda,3,62.64383561643836,365,62.64383561643836,762.8343368959809,30,43.0,52.0,65.0,78.20000000000005,248,6.750684931506849
2018,Amador,Amador,1,43.417582417582416,364,43.417582417582416,395.23561287197674,8,22.0,31.0,49.25,71.0,129,1.0
2018,Butte,Butte,3,73.16164383561645,365,73.16164383561645,3221.696326960707,30,43.0,50.0,75.0,103.60000000000002,682,3.6465753424657534
2018,Calaveras,Calaveras,2,63.28846153846154,364,63.28846153846154,372.55843399025207,30,48.0,53.0,67.0,87.0,160,1.0
2018,Colusa,Colusa,3,56.05205479452055,365,56.05205479452055,1178.697832304681,19,32.4,37.0,60.0,83.20000000000005,299,1.917808219178082
2018,Contra Costa,Contra Costa,2,59.81643835616438,365,59.81643835616438,778.4689598073163,29,39.4,47.0,62.0,73.60000000000002,270,4.0
2018,Del Norte,Del Norte,1,33.955555555555556,180,33.955555555555556,310.67957790192406,4,12.0,18.0,51.0,56.19999999999999,80,1.1888888888888889
2018,El Dorado,El Dorado,3,58.084931506849315,365,58.084931506849315,1092.2757338551858,7,30.0,36.0,74.0,100.60000000000002,203,3.6684931506849314
2018,Fresno,Fresno,3,82.30410958904109,365,82.30410958904109,1159.739680867078,34,45.0,54.0,101.0,133.0,185,9.441095890410958
2018,Glenn,Glenn,3,46.17906336088154,363,46.17906336088154,810.434698567797,4,22.0,31.0,54.0,71.0,255,1.0
2018,Humboldt,Humboldt,4,39.271232876712325,365,39.271232876712325,313.63227457474034,14,24.0,30.0,42.0,58.0,167,1.9863013698630136
2018,Imperial,Imperial,4,71.64383561643835,365,71.64383561643835,942.7354357970804,26,44.0,54.0,81.0,107.60000000000002,286,4.980821917808219
2018,Inyo,Inyo,3,62.42465753424658,365,62.42465753424658,2104.387851874153,27,35.0,40.0,71.0,100.60000000000002,638,14.397260273972602
2018,Kern,Kern,3,90.69589041095891,365,90.69589041095891,1286.2122083396068,35,48.0,61.0,112.0,141.60000000000002,190,10.953424657534246
2018,Kings,Kings,3,75.65479452054795,365,75.65479452054795,877.7101761252442,28,44.0,54.0,90.0,113.20000000000005,190,2.9753424657534246
2018,Lake,Lake,3,34.72268907563025,357,34.72268907563025,267.7290624114814,8,22.0,29.0,38.0,43.0,233,1.3333333333333333
2018,Los Angeles,Los Angeles,4,87.57260273972602,365,87.57260273972602,1060.9377088664755,39,56.4,62.0,105.0,130.0,201,16.224657534246575
2018,Madera,Madera,3,64.65753424657534,365,64.65753424657534,647.6983290681919,27,40.0,47.0,75.0,100.0,169,1.9945205479452055
2018,Marin,Marin,3,48.47945205479452,365,48.47945205479452,732.8216920066236,22,29.0,34.0,54.0,62.60000000000002,243,1.3150684931506849
2018,Mariposa,Mariposa,2,68.73424657534247,365,68.73424657534247,2346.585774499473,2,38.0,44.0,71.0,108.0,352,2.33972602739726
2018,Mendocino,Mendocino,3,51.247252747252745,364,51.247252747252745,1049.7458602004046,11,29.0,35.0,55.0,68.69999999999999,376,3.9615384615384617
2018,Merced,Merced,4,65.17260273972603,365,65.17260273972603,815.6541923829591,25,38.0,47.0,77.0,101.0,178,1.3424657534246576
2018,Mono,Mono,2,45.87671232876713,365,45.87671232876713,4853.069923227456,2,10.399999999999999,17.0,54.0,85.0,1049,3.0082191780821916
2018,Monterey,Monterey,3,44.54520547945206,365,44.54520547945206,265.2706156856843,22,31.0,35.0,52.0,57.0,157,2.9972602739726026
2018,Napa,Napa,5,50.37362637362637,364,50.37362637362637,588.49913722641,3,32.0,37.0,56.0,64.69999999999999,195,1.0027472527472527
2018,Nevada,Nevada,2,55.146005509641874,363,55.146005509641874,915.6554190828423,0,34.0,38.0,58.5,87.0,218,1.2617079889807163
2018,Orange,Orange,4,59.57808219178082,365,59.57808219178082,424.25556224597284,25,40.4,47.0,64.0,86.0,160,3.9917808219178084
2018,Placer,Placer,4,54.12876712328767,365,54.12876712328767,956.667439409905,18,31.0,35.0,60.0,84.0,248,1.9917808219178081
2018,Plumas,Plumas,1,49.808571428571426,350,49.808571428571426,660.9059435120755,6,22.0,28.0,64.0,85.0,162,1.3428571428571427
2018,Riverside,Riverside,4,95.22739726027397,365,95.22739726027397,1642.7640824928505,41,51.0,62.0,119.0,152.20000000000005,296,15.906849315068493
2018,Sacramento,Sacramento,4,68.73424657534247,365,68.73424657534247,1670.2890712027697,26,39.4,47.0,75.0,100.0,376,7.131506849315069
2018,San Benito,San Benito,3,46.21917808219178,365,46.21917808219178,316.6990817401776,22,31.0,36.0,51.0,63.0,143,1.9863013698630136
2018,San Bernardino,San Bernardino,4,100.40821917808219,365,100.40821917808219,1826.346635556226,40,55.0,63.0,133.0,162.80000000000007,221,14.915068493150685
2018,San Diego,San Diego,2,71.84931506849315,365,71.84931506849315,399.529429474635,38,52.0,57.0,84.0,100.0,143,8.728767123287671
2018,San Francisco,San Francisco,5,49.583561643835615,365,49.583561643835615,822.8645642029195,3,28.4,34.0,56.0,66.0,252,1.0
2018,San Joaquin,San Joaquin,3,68.20547945205479,365,68.20547945205479,1191.6417281348793,31,41.0,51.0,74.0,98.60000000000002,365,2.9643835616438357
2018,San Luis Obispo,San Luis Obispo,3,55.3013698630137,365,55.3013698630137,281.2276080084298,24,37.0,44.0,61.0,76.60000000000002,133,9.857534246575343
2018,San Mateo,San Mateo,3,47.83287671232877,365,47.83287671232877,627.5022128556373,14,29.0,34.0,55.0,61.0,197,1.0
2018,Santa Barbara,Santa Barbara,3,52.205479452054796,365,52.205479452054796,156.46590395905466,27,38.4,44.0,57.0,67.0,114,12.227397260273973
2018,Santa Clara,Santa Clara,3,56.632876712328766,365,56.632876712328766,678.5901249435498,21,36.0,43.0,61.0,72.0,214,4.958904109589041
2018,Santa Cruz,Santa Cruz,2,44.673972602739724,365,44.673972602739724,395.3522053289178,9,30.0,34.0,51.0,56.0,177,1.9643835616438357
2018,Shasta,Shasta,3,51.46849315068493,365,51.46849315068493,693.1343067891013,16,33.0,38.0,51.0,82.40000000000009,206,3.8602739726027395
2018,Siskiyou,Siskiyou,2,55.73150684931507,365,55.73150684931507,1510.3672738220682,6,30.0,36.0,57.0,118.60000000000002,219,1.2821917808219179
2018,Solano,Solano,3,53.66849315068493,365,53.66849315068493,773.6178232726181,16,34.0,40.0,57.0,68.60000000000002,272,3.106849315068493
2018,Sonoma,Sonoma,4,44.0027397260274,365,44.0027397260274,738.8928496161373,18,28.0,32.0,45.0,57.0,250,4.912328767123288
2018,Stanislaus,Stanislaus,4,69.2986301369863,365,69.2986301369863,1173.4627728435937,25,39.4,47.0,81.0,108.0,265,2.0
2018,Sutter,Sutter,3,67.45753424657535,365,67.45753424657535,1556.485142255006,30,40.0,50.0,71.0,100.0,420,1.6136986301369862
2018,Tehama,Tehama,2,55.558904109589044,365,55.558904109589044,1008.3296251693514,1,26.0,36.0,66.0,94.80000000000007,206,1.5397260273972602
2018,Trinity,Trinity,1,55.94845360824742,291,55.94845360824742,924.6490579452536,2,25.0,41.0,65.5,82.0,209,1.261168384879725
2018,Tulare,Tulare,3,87.28219178082192,365,87.28219178082192,1272.862456721361,29,47.4,58.0,112.0,140.0,180,3.8465753424657536
2018,Tuolumne,Tuolumne,1,48.87931034482759,348,48.87931034482759,632.0545562953395,14,26.0,34.0,54.0,80.0,154,1.0
2018,Ventura,Ventura,3,61.49589041095891,365,61.49589041095891,369.77814240553977,31,42.0,50.0,69.0,87.60000000000002,166,4.997260273972603
2018,Yolo,Yolo,2,52.224657534246575,365,52.224657534246575,782.3175222038236,20,32.0,38.0,57.0,71.0,260,2.1534246575342464
2019,Alameda,Alameda,3,51.087671232876716,365,51.087671232876716,265.6186662652416,22,34.0,39.0,58.0,67.0,150,6.986301369863014
2019,Amador,Amador,1,40.27605633802817,355,40.27605633802817,189.07611999681708,7,25.4,32.0,44.0,51.0,115,1.0
2019,Butte,Butte,3,52.95342465753425,365,52.95342465753425,251.42914345928023,30,37.0,42.0,60.0,70.60000000000002,180,3.7753424657534245
2019,Calaveras,Calaveras,3,44.25277777777778,360,44.25277777777778,164.13926802847416,18,31.0,36.0,49.0,60.0,108,1.0
2019,Colusa,Colusa,3,43.794520547945204,365,43.794520547945204,164.62524461839536,18,30.0,34.0,52.0,61.0,85,1.8356164383561644
2019,Contra Costa,Contra Costa,4,47.23287671232877,365,47.23287671232877,207.61869637212098,24,34.0,37.0,54.0,64.0,129,3.9643835616438357
2019,Del Norte,Del Norte,1,28.782258064516128,248,28.782258064516128,259.60421836228295,1,9.0,18.0,39.0,53.0,74,1.2459677419354838
2019,El Dorado,El Dorado,3,47.032876712328765,365,47.032876712328765,293.46594911937365,9,32.0,36.0,51.0,72.80000000000007,122,3.389041095890411
2019,Fresno,Fresno,4,71.58630136986301,365,71.58630136986301,896.1553063374973,31,39.0,46.0,93.0,115.0,187,9.273972602739725
2019,Glenn,Glenn,3,43.533149171270715,362,43.533149171270715,111.82853797768615,23,31.0,36.0,50.0,58.0,86,1.0
2019,Humboldt,Humboldt,5,30.07162534435262,363,30.07162534435262,123.21585011338912,2,19.0,23.0,36.0,44.0,69,1.0
2019,Imperial,Imperial,3,64.78630136986301,365,64.78630136986301,480.53662501881684,29,43.0,50.0,74.0,93.0,185,4.989041095890411
2019,Inyo,Inyo,3,56.868493150684934,365,56.868493150684934,1990.0705705253642,31,35.4,41.0,61.0,83.20000000000005,653,14.553424657534247
2019,Kern,Kern,4,79.07123287671233,365,79.07123287671233,1693.6817251241898,34,42.0,51.0,101.0,122.0,553,11.819178082191781
2019,Kings,Kings,3,66.56438356164384,365,66.56438356164384,1411.0816950173114,27,35.4,46.0,79.0,105.0,508,2.9452054794520546
2019,Lake,Lake,3,31.988888888888887,360,31.988888888888887,46.71296812132465,14,23.0,27.0,37.0,41.10000000000002,50,1.3277777777777777
2019,Los Angeles,Los Angeles,4,84.07945205479452,365,84.07945205479452,1260.913999698932,38,51.0,58.0,97.0,134.80000000000007,201,15.646575342465754
2019,Madera,Madera,3,56.35342465753425,365,56.35342465753425,424.62474785488473,23,33.0,41.0,70.0,84.0,140,1.978082191780822
2019,Marin,Marin,3,39.049586776859506,363,39.049586776859506,155.35665038126112,9,26.0,31.0,46.0,55.0,133,1.2865013774104683
2019,Mariposa,Mariposa,2,57.16438356164384,365,57.16438356164384,475.26960710522394,26,40.0,44.0,67.0,83.60000000000002,185,2.3643835616438356
2019,Mendocino,Mendocino,3,38.38227146814405,361,38.38227146814405,140.17012927054498,10,26.0,30.0,46.0,54.0,80,3.9418282548476453
2019,Merced,Merced,3,55.03013698630137,365,55.03013698630137,317.4688694866776,25,35.0,42.0,65.0,80.0,119,1.3287671232876712
2019,Mono,Mono,2,89.69589041095891,365,89.69589041095891,131219.43748306498,5,18.0,24.0,57.0,81.40000000000009,4227,3.180821917808219
2019,Monterey,Monterey,4,40.97260273972603,365,40.97260273972603,121.01573084449785,20,30.0,34.0,46.0,54.0,144,2.9972602739726026
2019,Napa,Napa,3,39.71625344352617,363,39.71625344352617,148.09329863172155,5,28.0,31.0,47.0,54.0,119,1.0
2019,Nevada,Nevada,2,49.177285318559555,361,49.177285318559555,242.98514927670035,16,36.0,40.0,52.0,71.0,122,1.3047091412742382
2019,Orange,Orange,4,57.24109589041096,365,57.24109589041096,412.82632846605424,28,39.0,43.0,63.0,85.80000000000007,172,4.0
2019,Placer,Placer,3,52.47123287671233,365,52.47123287671233,342.3817251241909,25,33.4,39.0,59.0,77.0,136,4.473972602739726
2019,Plumas,Plumas,1,41.68035190615836,341,41.68035190615836,525.2298775228562,6,18.0,24.0,59.0,71.0,138,1.3196480938416422
2019,Riverside,Riverside,3,88.66575342465754,365,88.66575342465754,1371.558301972001,31,47.0,59.0,115.0,146.20000000000005,185,16.016438356164382
2019,Sacramento,Sacramento,4,55.586301369863016,365,55.586301369863016,393.4520096342017,27,34.4,41.0,66.0,84.0,140,6.545205479452055
2019,San Benito,San Benito,3,41.14246575342466,365,41.14246575342466,95.89173566159876,20,31.0,34.0,46.0,52.0,90,1.9863013698630136
2019,San Bernardino,San Bernardino,4,96.91232876712328,365,96.91232876712328,2136.816468463044,36,51.4,59.0,126.0,170.80000000000007,213,14.73972602739726
2019,San Diego,San Diego,4,69.35068493150685,365,69.35068493150685,358.69536354056936,33,49.4,57.0,77.0,93.0,169,8.438356164383562
2019,San Francisco,San Francisco,3,42.40547945205479,365,42.40547945205479,162.22524461839535,14,28.0,34.0,53.0,58.0,108,1.0
2019,San Joaquin,San Joaquin,4,53.8054794520548,365,53.8054794520548,452.31095890410944,25,34.0,39.0,63.0,81.60000000000002,190,2.7726027397260276
2019,San Luis Obispo,San Luis Obispo,3,51.942465753424656,365,51.942465753424656,236.90602137588445,30,35.4,41.0,58.0,74.0,108,9.904109589041095
2019,San Mateo,San Mateo,3,40.69041095890411,365,40.69041095890411,183.79125395152792,6,26.0,32.0,50.0,56.60000000000002,122,1.0
2019,Santa Barbara,Santa Barbara,3,48.2,365,48.2,139.946153846154,29,37.0,41.0,53.0,63.0,105,9.643835616438356
2019,Santa Clara,Santa Clara,4,49.824657534246576,365,49.824657534246576,238.46367604997755,27,33.0,39.0,56.0,67.60000000000002,136,4.991780821917808
2019,Santa Cruz,Santa Cruz,2,39.89041095890411,365,39.89041095890411,102.29015505042908,13,28.0,32.0,47.0,54.0,74,1.9397260273972603
2019,Shasta,Shasta,3,42.91208791208791,364,42.91208791208791,132.25120334211252,8,31.0,36.0,46.25,54.0,100,3.7252747252747254
2019,Siskiyou,Siskiyou,2,40.80821917808219,365,40.80821917808219,250.04553665512574,11,28.0,32.0,44.0,54.0,164,1.273972602739726
2019,Solano,Solano,3,47.48219178082192,365,47.48219178082192,172.63498419388813,22,33.0,38.0,55.0,63.60000000000002,119,2.9506849315068493
2019,Sonoma,Sonoma,4,37.443835616438356,365,37.443835616438356,117.5277434893873,6,26.0,31.0,43.0,52.0,87,4.347945205479452
2019,Stanislaus,Stanislaus,3,58.32876712328767,365,58.32876712328767,575.1059009483661,18,34.0,41.0,71.0,91.60000000000002,177,2.0
2019,Sutter,Sutter,3,49.76164383561644,365,49.76164383561644,260.19852476290805,13,31.0,37.0,60.0,71.0,110,1.5726027397260274
2019,Tehama,Tehama,2,45.632876712328766,365,45.632876712328766,191.8044106578354,19,31.0,36.0,51.0,64.0,93,1.5671232876712329
2019,Trinity,Trinity,1,27.91078066914498,269,27.91078066914498,390.1711146867891,0,7.0,12.0,39.0,56.0,113,1.2825278810408922
2019,Tulare,Tulare,3,74.91506849315068,365,74.91506849315068,1104.1493602288126,28,37.0,49.0,97.0,122.0,280,3.819178082191781
2019,Tuolumne,Tuolumne,1,45.849162011173185,358,45.849162011173185,227.78670797928083,14,31.0,36.0,50.0,67.0,108,1.0
2019,Ventura,Ventura,4,54.64657534246575,365,54.64657534246575,318.3335390636762,31,36.0,41.0,64.0,77.0,126,4.958904109589041
2019,Yolo,Yolo,4,45.989041095890414,365,45.989041095890414,199.28009935270214,18,32.0,36.0,53.0,63.0,136,2.0684931506849313
2020,Alameda,Alameda,3,57.16120218579235,366,57.16120218579235,889.18216183846,23,35.0,40.0,61.0,80.5,243,6.9890710382513666
2020,Amador,Amador,1,38.45403899721448,359,38.45403899721448,222.70109397612867,9,24.0,30.0,44.0,50.0,156,1.0
2020,Butte,Butte,3,65.65573770491804,366,65.65573770491804,1932.3195149337519,26,36.0,42.0,69.0,109.0,508,3.819672131147541
2020,Calaveras,Calaveras,3,54.68956043956044,364,54.68956043956044,902.760111101021,21,33.0,39.0,56.25,78.39999999999998,210,1.0
2020,Colusa,Colusa,3,55.4344262295082,366,55.4344262295082,1363.977880080845,17,29.0,33.0,62.0,87.0,221,1.284153005464481
2020,Contra Costa,Contra Costa,3,54.177595628415304,366,54.177595628415304,747.2149487237067,25,34.5,39.0,58.0,75.0,221,3.9972677595628414
2020,Del Norte,Del Norte,1,43.32876712328767,292,43.32876712328767,804.1527091277123,2,17.0,27.0,53.0,60.900000000000034,245,1.2671232876712328
2020,El Dorado,El Dorado,3,51.58469945355191,366,51.58469945355191,735.0051351149039,11,31.0,35.0,58.0,90.0,190,3.5655737704918034
2020,Fresno,Fresno,3,87.16120218579235,366,87.16120218579235,2197.8287371809283,32,40.0,55.0,105.0,153.5,346,9.450819672131148
2020,Glenn,Glenn,3,57.14010989010989,364,57.14010989010989,1293.6139239548331,19,32.0,37.0,60.0,84.0,221,1.0
2020,Humboldt,Humboldt,3,32.87158469945355,366,32.87158469945355,269.180724605135,11,19.0,24.0,36.0,53.0,180,1.0
2020,Imperial,Imperial,4,65.09836065573771,366,65.09836065573771,494.4176959353245,30,42.5,50.0,75.75,97.0,166,4.98087431693989
2020,Inyo,Inyo,3,78.4153005464481,366,78.4153005464481,6057.180477580658,28,38.0,44.0,81.0,123.5,705,15.095628415300547
2020,Kern,Kern,3,88.65300546448087,366,88.65300546448087,1487.284744367092,33,43.5,58.0,111.0,140.0,267,11.068306010928962
2020,Kings,Kings,3,77.89617486338798,366,77.89617486338798,1795.6165880679705,25,40.0,53.25,92.0,123.5,548,2.9672131147540983
2020,Lake,Lake,3,32.68376068376068,351,32.68376068376068,319.96542124542134,3,16.0,27.0,37.0,44.0,190,1.3418803418803418
2020,Los Angeles,Los Angeles,4,99.12295081967213,366,99.12295081967213,2153.11634852908,31,51.0,63.0,129.0,165.0,250,16.527322404371585
2020,Madera,Madera,3,71.51092896174863,366,71.51092896174863,1328.305359682612,24,38.0,47.25,80.0,112.5,275,1.9617486338797814
2020,Marin,Marin,3,42.330601092896174,366,42.330601092896174,553.4493075829032,13,24.0,30.0,51.0,61.5,231,1.3169398907103824
2020,Mariposa,Mariposa,3,70.85519125683061,366,70.85519125683061,6427.948835990718,30,37.0,41.0,74.0,110.0,1073,2.540983606557377
2020,Mendocino,Mendocino,3,52.10109289617486,366,52.10109289617486,2697.4609851036757,14,26.0,31.0,55.0,77.5,716,3.9453551912568305
2020,Merced,Merced,3,64.08196721311475,366,64.08196721311475,913.9768246126204,23,37.0,45.25,72.0,95.0,194,1.330601092896175
2020,Mono,Mono,2,113.52732240437159,366,113.52732240437159,59600.62253911225,12,20.5,28.0,73.0,219.5,2088,2.92896174863388
2020,Monterey,Monterey,3,47.549180327868854,366,47.549180327868854,905.3167527509539,22,29.0,33.0,52.0,64.0,275,2.9945355191256833
2020,Napa,Napa,3,46.797260273972604,365,46.797260273972604,716.7170254403123,3,28.4,33.0,53.0,66.0,224,1.0
2020,Nevada,Nevada,2,56.797814207650276,366,56.797814207650276,1377.1261321955242,0,33.0,38.0,55.0,90.5,277,1.685792349726776
2020,Orange,Orange,4,65.03825136612022,366,65.03825136612022,990.524560221573,23,39.0,47.0,69.75,108.0,218,3.9617486338797816
2020,Placer,Placer,3,68.14754098360656,366,68.14754098360656,1298.871322703796,32,42.0,46.0,73.75,106.5,247,4.9863387978142075
2020,Plumas,Plumas,1,73.24444444444444,360,73.24444444444444,4929.76180748994,12,25.9,36.0,78.0,136.10000000000025,755,2.6222222222222222
2020,Riverside,Riverside,3,98.12021857923497,366,98.12021857923497,2491.5526311849676,36,50.0,64.0,122.0,159.0,584,16.079234972677597
2020,Sacramento,Sacramento,3,65.0846994535519,366,65.0846994535519,1077.7763679916156,26,36.0,43.0,77.0,100.0,226,6.133879781420765
2020,San Benito,San Benito,3,47.92896174863388,366,47.92896174863388,572.0278164533267,26,32.0,36.0,51.0,68.0,174,1.994535519125683
2020,San Bernardino,San Bernardino,4,107.69125683060109,366,107.69125683060109,2645.4688000598876,40,51.5,63.0,147.0,185.0,236,15.043715846994536
2020,San Diego,San Diego,3,78.15300546448087,366,78.15300546448087,726.7162512164088,28,52.5,62.0,89.0,107.5,192,8.975409836065573
2020,San Francisco,San Francisco,3,47.44535519125683,366,47.44535519125683,575.7545400104786,10,29.0,33.0,56.0,65.5,223,1.0
2020,San Joaquin,San Joaquin,3,62.467213114754095,366,62.467213114754095,1093.6633056366497,26,35.0,41.0,72.0,96.5,215,2.9836065573770494
2020,San Luis Obispo,San Luis Obispo,3,60.31693989071038,366,60.31693989071038,1100.7485889662398,28,36.0,42.0,65.0,90.0,334,9.912568306010929
2020,San Mateo,San Mateo,3,44.9344262295082,366,44.9344262295082,603.1134965192008,16,27.0,31.0,52.0,64.0,199,1.0
2020,Santa Barbara,Santa Barbara,3,51.724043715846996,366,51.724043715846996,448.6222696309601,26,35.0,39.0,56.0,67.5,174,9.191256830601093
2020,Santa Clara,Santa Clara,3,55.967213114754095,366,55.967213114754095,733.7030316640465,25,33.5,38.25,61.0,81.0,198,4.972677595628415
2020,Santa Cruz,Santa Cruz,2,49.85792349726776,366,49.85792349726776,2728.834553484542,14,26.0,31.0,52.0,68.0,624,1.953551912568306
2020,Shasta,Shasta,2,46.84699453551912,366,46.84699453551912,351.66967587394254,26,33.0,37.0,48.0,67.0,171,3.9098360655737703
2020,Siskiyou,Siskiyou,2,48.677595628415304,366,48.677595628415304,1605.8300172168567,6,28.0,33.0,51.0,65.0,468,1.185792349726776
2020,Solano,Solano,3,53.81967213114754,366,53.81967213114754,736.0715023579604,19,31.0,38.0,59.0,77.0,228,2.912568306010929
2020,Sonoma,Sonoma,4,41.35792349726776,366,41.35792349726776,501.98386855303534,8,24.5,31.0,46.0,57.0,199,3.778688524590164
2020,Stanislaus,Stanislaus,4,66.29234972677595,366,66.29234972677595,1045.9170372033825,24,36.0,44.0,77.0,101.0,195,2.0
2020,Sutter,Sutter,3,61.27049180327869,366,61.27049180327869,1357.710195373905,25,33.0,41.0,67.0,89.5,356,1.5737704918032787
2020,Tehama,Tehama,2,56.83879781420765,366,56.83879781420765,1202.0205180028433,16,32.0,37.0,58.0,93.5,218,1.5601092896174864
2020,Trinity,Trinity,1,42.82798833819242,343,42.82798833819242,1614.6983956489871,0,4.0,13.0,57.0,81.0,211,1.3032069970845481
2020,Tulare,Tulare,3,89.29234972677595,366,89.29234972677595,1516.1362152855738,31,44.5,58.0,117.0,144.0,225,3.8633879781420766
2020,Tuolumne,Tuolumne,1,44.373937677053824,353,44.373937677053824,326.9563642801956,16,28.200000000000003,34.0,49.0,64.0,143,1.0
2020,Ventura,Ventura,3,56.89890710382514,366,56.89890710382514,633.5760535968258,28,36.0,40.0,61.0,90.0,174,4.991803278688525
2020,Yolo,Yolo,3,54.69945355191257,366,54.69945355191257,1006.9395613444115,15,31.0,36.0,61.0,85.5,209,2.0765027322404372
2021,Alameda,Alameda,3,53.347945205479455,365,53.347945205479455,307.9912388980882,23,34.0,40.0,62.0,70.60000000000002,151,6.745205479452054
2021,Amador,Amador,1,39.96986301369863,365,39.96986301369863,337.66117717898516,6,21.0,28.0,46.0,65.80000000000007,133,1.0
2021,Butte,Butte,3,60.87397260273973,365,60.87397260273973,1030.4566009333132,21,35.0,41.0,67.0,90.0,257,3.8904109589041096
2021,Calaveras,Calaveras,2,50.87637362637363,364,50.87637362637363,409.5631868131865,22,32.300000000000004,38.0,56.25,77.0,178,1.0
2021,Colusa,Colusa,3,57.013698630136986,365,57.013698630136986,570.0190426012349,21,32.4,46.0,63.0,75.60000000000002,225,1.9342465753424658
2021,Contra Costa,Contra Costa,2,50.4,365,50.4,258.9934065934066,23,34.0,38.0,58.0,69.0,150,3.9808219178082194
2021,Del Norte,Del Norte,1,32.42724458204334,323,32.42724458204334,250.07155356421734,2,12.200000000000003,20.0,47.0,54.0,72,1.306501547987616
2021,El Dorado,El Dorado,3,53.26027397260274,365,53.26027397260274,1170.2205328917657,2,30.0,34.0,61.0,93.0,375,3.2356164383561645
2021,Fresno,Fresno,3,79.58904109589041,365,79.58904109589041,1284.4735059461093,32,44.0,54.0,97.0,129.60000000000002,278,10.142465753424657
2021,Glenn,Glenn,3,47.778082191780825,365,47.778082191780825,575.7500677404781,17,29.4,34.0,53.0,65.0,192,1.0
2021,Humboldt,Humboldt,4,29.78904109589041,365,29.78904109589041,145.58449495709763,2,16.0,22.0,35.0,48.0,64,1.0
2021,Imperial,Imperial,3,67.62739726027397,365,67.62739726027397,1169.069576998344,21,43.0,51.0,77.0,96.60000000000002,436,5.654794520547945
2021,Inyo,Inyo,3,72.98630136986301,365,72.98630136986301,2207.7333283155203,34,44.0,50.0,77.0,113.80000000000007,558,16.041095890410958
2021,Kern,Kern,3,91.21917808219177,365,91.21917808219177,1535.3199608610576,35,51.0,59.0,118.0,146.60000000000002,314,13.03013698630137
2021,Kings,Kings,3,72.32876712328768,365,72.32876712328768,1853.5619449044116,26,40.4,52.0,84.0,108.60000000000002,685,2.978082191780822
2021,Lake,Lake,3,33.193820224719104,356,33.193820224719104,139.98204620984336,9,21.0,27.0,38.25,43.0,157,1.3398876404494382
2021,Los Angeles,Los Angeles,4,88.78356164383561,365,88.78356164383561,1258.1755532139082,42,55.0,62.0,105.0,143.0,281,16.19178082191781
2021,Madera,Madera,3,65.59452054794521,365,65.59452054794521,827.7911786843296,24,37.0,45.0,81.0,100.0,194,1.9863013698630136
2021,Marin,Marin,3,40.81095890410959,365,40.81095890410959,183.84053891314144,14,25.0,31.0,52.0,59.60000000000002,88,1.3205479452054794
2021,Mariposa,Mariposa,2,60.323287671232876,365,60.323287671232876,733.3897034472376,28,38.0,42.0,71.0,97.0,162,2.4712328767123286
2021,Mendocino,Mendocino,2,49.42191780821918,365,49.42191780821918,402.51929850970936,13,31.0,36.0,57.0,69.0,185,3.8054794520547945
2021,Merced,Merced,3,62.41917808219178,365,62.41917808219178,691.9419388830348,13,34.0,43.0,77.0,100.0,166,1.9808219178082191
2021,Mono,Mono,2,50.2967032967033,364,50.2967032967033,29637.773983592142,0,4.300000000000004,10.0,55.0,84.0,2971,2.4038461538461537
2021,Monterey,Monterey,3,43.11232876712329,365,43.11232876712329,108.52855637513179,19,31.0,36.0,51.0,57.0,80,2.9972602739726026
2021,Napa,Napa,3,42.68571428571428,140,42.68571428571428,95.6990750256937,2,32.0,36.0,49.0,56.0,77,1.0
2021,Nevada,Nevada,2,64.18356164383562,365,64.18356164383562,1755.2052235435779,3,33.0,40.0,74.0,115.0,326,1.9726027397260273
2021,Orange,Orange,4,59.50410958904109,365,59.50410958904109,383.06935119674847,31,41.0,48.0,64.0,86.60000000000002,148,4.0
2021,Placer,Placer,3,73.32602739726028,365,73.32602739726028,3012.8906668673812,28,41.0,47.0,80.0,113.80000000000007,692,4.986301369863014
2021,Plumas,Plumas,1,89.53150684931506,365,89.53150684931506,6405.288152942946,17,32.4,48.0,97.0,169.20000000000005,654,2.841095890410959
2021,Riverside,Riverside,3,96.43013698630136,365,96.43013698630136,1602.1853530031606,39,54.0,64.0,119.0,158.0,329,15.657534246575343
2021,Sacramento,Sacramento,3,64.11780821917809,365,64.11780821917809,1055.697621556525,23,37.0,43.0,76.0,100.0,381,6.4
2021,San Benito,San Benito,3,43.52876712328767,365,43.52876712328767,157.63447237693813,21,32.0,36.0,48.0,55.0,100,2.695890410958904
2021,San Bernardino,San Bernardino,4,102.78630136986301,365,102.78630136986301,2449.4322294144204,36,55.0,64.0,136.0,172.0,486,14.205479452054794
2021,San Diego,San Diego,3,68.25753424657535,365,68.25753424657535,306.1532741231372,36,47.0,55.0,79.0,90.0,133,9.104109589041096
2021,San Francisco,San Francisco,3,41.64931506849315,365,41.64931506849315,175.89316573837127,15,25.0,32.0,52.0,60.0,86,1.0
2021,San Joaquin,San Joaquin,3,58.92328767123288,365,58.92328767123288,436.0215715791061,23,36.0,44.0,69.0,84.0,153,2.9643835616438357
2021,San Luis Obispo,San Luis Obispo,3,55.463013698630135,365,55.463013698630135,256.17239199156995,27,39.0,44.0,61.0,76.60000000000002,133,9.843835616438357
2021,San Mateo,San Mateo,3,38.92054794520548,365,38.92054794520548,148.26015354508513,16,26.0,31.0,46.0,56.0,90,1.0
2021,Santa Barbara,Santa Barbara,3,46.66575342465753,365,46.66575342465753,113.19566460936328,25,35.4,39.0,52.0,59.60000000000002,101,8.317808219178081
2021,Santa Clara,Santa Clara,2,53.80821917808219,365,53.80821917808219,274.820261929851,26,35.0,43.0,60.0,71.60000000000002,147,4.967123287671233
2021,Santa Cruz,Santa Cruz,2,38.47945205479452,365,38.47945205479452,124.25575794068955,5,26.0,31.0,46.0,54.0,80,1.9726027397260273
2021,Shasta,Shasta,2,59.04383561643836,365,59.04383561643836,1240.333237994881,22,36.0,40.0,64.0,93.0,240,3.9808219178082194
2021,Siskiyou,Siskiyou,2,54.964285714285715,364,54.964285714285715,1366.9270956316414,14,31.0,35.0,57.0,85.69999999999999,210,1.2747252747252746
2021,Solano,Solano,2,47.64931506849315,365,47.64931506849315,240.10745145265693,19,31.0,36.0,57.0,66.0,126,3.1506849315068495
2021,Sonoma,Sonoma,3,38.64931506849315,365,38.64931506849315,164.15140749661302,9,23.0,30.0,47.0,57.0,89,3.6767123287671235
2021,Stanislaus,Stanislaus,3,69.23013698630137,365,69.23013698630137,661.0732650910733,30,43.0,51.0,84.0,105.0,172,1.9972602739726026
2021,Sutter,Sutter,3,62.09065934065934,364,62.09065934065934,567.9724744952023,13,36.300000000000004,48.0,70.0,90.0,175,1.489010989010989
2021,Tehama,Tehama,2,58.26027397260274,365,58.26027397260274,984.5502032214366,17,32.0,39.0,67.0,98.80000000000007,193,1.5835616438356164
2021,Trinity,Trinity,1,80.8140243902439,328,80.8140243902439,25426.579986201225,2,12.700000000000003,22.0,63.0,167.3,1217,1.2591463414634145
2021,Tulare,Tulare,3,92.8054794520548,365,92.8054794520548,3741.898870992024,21,46.0,58.0,119.0,154.0,961,3.6082191780821917
2021,Tuolumne,Tuolumne,1,41.608333333333334,360,41.608333333333334,257.5202646239552,7,23.0,31.0,48.0,61.0,136,1.0
2021,Ventura,Ventura,3,55.345205479452055,365,55.345205479452055,299.6332530483217,29,37.0,42.0,63.0,80.0,122,4.983561643835617
2021,Yolo,Yolo,3,47.394520547945206,365,47.394520547945206,348.0307391238897,15,31.0,35.0,55.0,67.60000000000002,159,2.0904109589041098
2022,Alameda,Alameda,3,49.945205479452056,365,49.945205479452056,253.93654975161817,20,32.0,37.0,59.0,69.60000000000002,122,5.958904109589041
2022,Amador,Amador,1,36.967032967032964,364,36.967032967032964,151.57466775648578,10,23.0,30.0,43.25,49.69999999999999,112,1.0
2022,Butte,Butte,2,52.895890410958906,365,52.895890410958906,264.2144061418036,24,35.0,41.0,62.0,76.60000000000002,119,3.8986301369863012
2022,Calaveras,Calaveras,3,42.07967032967033,364,42.07967032967033,154.30492991856616,8,29.0,34.0,49.0,57.69999999999999,115,1.0
2022,Colusa,Colusa,3,45.10468319559229,363,45.10468319559229,153.56912165350127,19,30.0,36.0,54.0,59.0,105,1.115702479338843
2022,Contra Costa,Contra Costa,2,50.89041095890411,365,50.89041095890411,192.16378142405534,21,35.0,41.0,58.0,66.60000000000002,129,3.9643835616438357
2022,Del Norte,Del Norte,1,29.898255813953487,344,29.898255813953487,264.2665858702281,0,9.0,17.0,42.0,52.0,74,1.3313953488372092
2022,El Dorado,El Dorado,3,48.6958904109589,365,48.6958904109589,489.44297757037424,7,29.0,36.0,54.0,77.0,186,3.4575342465753423
2022,Fresno,Fresno,3,75.96164383561644,365,75.96164383561644,775.7842390486229,29,43.0,55.0,96.0,115.0,159,10.210958904109589
2022,Glenn,Glenn,3,43.99166666666667,360,43.99166666666667,185.4734679665737,6,30.0,35.0,51.0,61.0,104,1.0
2022,Humboldt,Humboldt,4,26.92054794520548,365,26.92054794520548,134.96345024838163,5,16.0,20.0,30.0,41.60000000000002,74,1.0
2022,Imperial,Imperial,4,76.95342465753424,365,76.95342465753424,5366.072000602148,29,42.0,51.0,84.0,105.60000000000002,791,5.63013698630137
2022,Inyo,Inyo,3,75.68493150684931,365,75.68493150684931,10612.491118470578,32,44.0,48.0,72.0,96.20000000000005,1551,15.263013698630138
2022,Kern,Kern,3,87.63287671232877,365,87.63287671232877,1164.7219930754177,31,48.0,60.0,108.0,136.0,289,13.257534246575343
2022,Kings,Kings,3,72.8958904109589,365,72.8958904109589,633.1704500978477,25,44.0,54.0,90.0,107.60000000000002,187,2.9863013698630136
2022,Lake,Lake,2,33.03030303030303,363,33.03030303030303,61.27808471454882,13,23.0,29.0,38.0,43.0,76,1.0
2022,Los Angeles,Los Angeles,4,85.6027397260274,365,85.6027397260274,1131.5697726930605,31,55.0,61.0,101.0,140.0,209,15.257534246575343
2022,Madera,Madera,3,59.06849315068493,365,59.06849315068493,402.15188920668345,23,37.4,44.0,71.0,87.0,136,1.989041095890411
2022,Marin,Marin,3,39.47945205479452,365,39.47945205479452,184.94806563299693,14,24.0,30.0,49.0,57.0,91,1.3178082191780822
2022,Mariposa,Mariposa,3,60.47397260273973,365,60.47397260273973,1120.271985548698,31,38.0,43.0,67.0,88.60000000000002,198,2.5013698630136987
2022,Mendocino,Mendocino,2,53.54794520547945,365,53.54794520547945,179.83629384314315,13,35.0,44.0,61.0,69.0,103,3.8438356164383563
2022,Merced,Merced,3,59.25753424657534,365,59.25753424657534,409.16975763962034,25,37.0,44.0,73.0,87.0,143,1.9863013698630136
2022,Mono,Mono,2,119.53150684931506,365,119.53150684931506,439490.0903507451,3,10.399999999999999,16.0,48.0,68.0,8368,2.967123287671233
2022,Monterey,Monterey,3,40.4027397260274,365,40.4027397260274,96.29065181393948,19,29.0,33.0,47.0,54.0,80,2.9945205479452053
2022,Nevada,Nevada,2,59.11232876712329,365,59.11232876712329,890.8197651663405,19,38.0,44.0,64.0,87.0,293,1.936986301369863
2022,Orange,Orange,4,54.54246575342466,365,54.54246575342466,258.0181092879727,19,38.0,45.0,60.0,71.0,156,3.5835616438356164
2022,Placer,Placer,3,63.087671232876716,365,63.087671232876716,1458.1791058256815,30,40.0,44.0,68.0,89.60000000000002,442,4.986301369863014
2022,Plumas,Plumas,1,58.278551532033426,359,58.278551532033426,858.2964939854655,15,25.800000000000004,34.0,75.0,96.0,175,2.6239554317548746
2022,Riverside,Riverside,3,103.66849315068494,365,103.66849315068494,17020.48046063525,40,49.0,60.0,115.0,151.0,1683,12.986301369863014
2022,Sacramento,Sacramento,3,59.895890410958906,365,59.895890410958906,536.1539665813643,25,37.0,43.0,74.0,93.0,164,6.632876712328767
2022,San Benito,San Benito,3,43.68493150684932,365,43.68493150684932,131.76034923980131,19,32.0,36.0,48.0,57.0,97,2.9726027397260273
2022,San Bernardino,San Bernardino,4,96.02739726027397,365,96.02739726027397,2033.8783682071362,38,53.0,60.0,129.0,166.0,225,15.156164383561643
2022,San Diego,San Diego,4,68.58356164383562,365,68.58356164383562,389.11181695017325,37,49.0,55.0,77.0,97.0,156,9.953424657534246
2022,San Francisco,San Francisco,4,39.027472527472526,364,39.027472527472526,232.7595737595739,3,20.0,28.0,52.0,59.0,88,1.0
2022,San Joaquin,San Joaquin,3,54.49589041095891,365,54.49589041095891,449.1847358121335,23,34.0,40.0,64.0,86.0,208,2.9808219178082194
2022,San Luis Obispo,San Luis Obispo,3,56.635616438356166,365,56.635616438356166,211.2542224898389,24,38.0,47.0,65.0,74.60000000000002,115,9.805479452054794
2022,San Mateo,San Mateo,3,39.46849315068493,365,39.46849315068493,203.05738371217845,12,24.0,29.0,51.0,60.0,85,1.0
2022,Santa Barbara,Santa Barbara,3,48.583561643835615,365,48.583561643835615,92.9030257413818,25,36.0,41.0,55.0,60.0,93,8.197260273972603
2022,Santa Clara,Santa Clara,2,51.295890410958904,365,51.295890410958904,275.8242962516936,20,33.0,38.0,61.0,73.0,119,4.961643835616439
2022,Santa Cruz,Santa Cruz,2,37.673972602739724,365,37.673972602739724,160.12693060364302,16,23.0,28.0,45.0,56.0,93,1.978082191780822
2022,Shasta,Shasta,2,49.556164383561644,365,49.556164383561644,216.00576546740942,21,36.0,41.0,54.0,71.0,119,3.7041095890410958
2022,Siskiyou,Siskiyou,2,44.58839779005525,362,44.58839779005525,894.8134938247042,7,25.0,34.0,51.0,61.900000000000034,454,1.3038674033149171
2022,Solano,Solano,2,45.92602739726028,365,45.92602739726028,216.78846906518152,19,29.4,35.0,55.0,66.60000000000002,93,3.1123287671232878
2022,Sonoma,Sonoma,3,37.4986301369863,365,37.4986301369863,183.38255306337476,11,21.0,27.0,48.0,56.0,82,3.750684931506849
2022,Stanislaus,Stanislaus,3,63.6986301369863,365,63.6986301369863,497.84848712930926,28,41.0,49.0,77.0,94.20000000000005,166,1.9972602739726026
2022,Sutter,Sutter,2,56.30494505494506,364,56.30494505494506,315.47975509339136,9,36.0,44.0,67.25,81.0,119,1.5769230769230769
2022,Tehama,Tehama,2,48.47945205479452,365,48.47945205479452,276.519494204426,22,32.0,37.0,58.0,74.0,108,1.5698630136986302
2022,Trinity,Trinity,1,42.98583569405099,353,42.98583569405099,1587.4799124388353,0,11.0,18.0,58.0,72.0,342,1.1388101983002832
2022,Tulare,Tulare,3,82.92876712328767,365,82.92876712328767,1067.9509558934217,28,46.0,55.0,108.0,129.0,182,3.841095890410959
2022,Tuolumne,Tuolumne,1,39.276,250,39.276,89.05203212851409,19,28.0,34.0,44.0,48.0,108,1.0
2022,Ventura,Ventura,3,55.47123287671233,365,55.47123287671233,361.30480204726774,26,37.0,43.0,63.0,80.0,140,5.0
2022,Yolo,Yolo,2,44.06575342465754,365,44.06575342465754,204.1385217522204,18,30.0,35.0,49.0,64.0,101,2.0082191780821916
